Property_Codes,url
27884987,https://fr.comparis.ch/immobilien/marktplatz/details/show/27884987
27884155,https://fr.comparis.ch/immobilien/marktplatz/details/show/27884155
27883605,https://fr.comparis.ch/immobilien/marktplatz/details/show/27883605
27883164,https://fr.comparis.ch/immobilien/marktplatz/details/show/27883164
27884625,https://fr.comparis.ch/immobilien/marktplatz/details/show/27884625
27882768,https://fr.comparis.ch/immobilien/marktplatz/details/show/27882768
27881358,https://fr.comparis.ch/immobilien/marktplatz/details/show/27881358
27880295,https://fr.comparis.ch/immobilien/marktplatz/details/show/27880295
27879577,https://fr.comparis.ch/immobilien/marktplatz/details/show/27879577
27879512,https://fr.comparis.ch/immobilien/marktplatz/details/show/27879512
27879467,https://fr.comparis.ch/immobilien/marktplatz/details/show/27879467
27879154,https://fr.comparis.ch/immobilien/marktplatz/details/show/27879154
27879039,https://fr.comparis.ch/immobilien/marktplatz/details/show/27879039
27877410,https://fr.comparis.ch/immobilien/marktplatz/details/show/27877410
27877309,https://fr.comparis.ch/immobilien/marktplatz/details/show/27877309
27878922,https://fr.comparis.ch/immobilien/marktplatz/details/show/27878922
27874362,https://fr.comparis.ch/immobilien/marktplatz/details/show/27874362
27874355,https://fr.comparis.ch/immobilien/marktplatz/details/show/27874355
27873911,https://fr.comparis.ch/immobilien/marktplatz/details/show/27873911
27877909,https://fr.comparis.ch/immobilien/marktplatz/details/show/27877909
27878027,https://fr.comparis.ch/immobilien/marktplatz/details/show/27878027
27873496,https://fr.comparis.ch/immobilien/marktplatz/details/show/27873496
27873458,https://fr.comparis.ch/immobilien/marktplatz/details/show/27873458
27873325,https://fr.comparis.ch/immobilien/marktplatz/details/show/27873325
27872116,https://fr.comparis.ch/immobilien/marktplatz/details/show/27872116
27871737,https://fr.comparis.ch/immobilien/marktplatz/details/show/27871737
27871413,https://fr.comparis.ch/immobilien/marktplatz/details/show/27871413
27871277,https://fr.comparis.ch/immobilien/marktplatz/details/show/27871277
27870835,https://fr.comparis.ch/immobilien/marktplatz/details/show/27870835
27872003,https://fr.comparis.ch/immobilien/marktplatz/details/show/27872003
27876001,https://fr.comparis.ch/immobilien/marktplatz/details/show/27876001
27869400,https://fr.comparis.ch/immobilien/marktplatz/details/show/27869400
27870767,https://fr.comparis.ch/immobilien/marktplatz/details/show/27870767
27876005,https://fr.comparis.ch/immobilien/marktplatz/details/show/27876005
27865669,https://fr.comparis.ch/immobilien/marktplatz/details/show/27865669
27865366,https://fr.comparis.ch/immobilien/marktplatz/details/show/27865366
27864964,https://fr.comparis.ch/immobilien/marktplatz/details/show/27864964
27864582,https://fr.comparis.ch/immobilien/marktplatz/details/show/27864582
27863271,https://fr.comparis.ch/immobilien/marktplatz/details/show/27863271
27863185,https://fr.comparis.ch/immobilien/marktplatz/details/show/27863185
27863097,https://fr.comparis.ch/immobilien/marktplatz/details/show/27863097
27860630,https://fr.comparis.ch/immobilien/marktplatz/details/show/27860630
27860623,https://fr.comparis.ch/immobilien/marktplatz/details/show/27860623
27860606,https://fr.comparis.ch/immobilien/marktplatz/details/show/27860606
27860597,https://fr.comparis.ch/immobilien/marktplatz/details/show/27860597
27860498,https://fr.comparis.ch/immobilien/marktplatz/details/show/27860498
27860334,https://fr.comparis.ch/immobilien/marktplatz/details/show/27860334
27857746,https://fr.comparis.ch/immobilien/marktplatz/details/show/27857746
27854890,https://fr.comparis.ch/immobilien/marktplatz/details/show/27854890
27854887,https://fr.comparis.ch/immobilien/marktplatz/details/show/27854887
27854886,https://fr.comparis.ch/immobilien/marktplatz/details/show/27854886
27854880,https://fr.comparis.ch/immobilien/marktplatz/details/show/27854880
27855692,https://fr.comparis.ch/immobilien/marktplatz/details/show/27855692
27853390,https://fr.comparis.ch/immobilien/marktplatz/details/show/27853390
27852426,https://fr.comparis.ch/immobilien/marktplatz/details/show/27852426
27851930,https://fr.comparis.ch/immobilien/marktplatz/details/show/27851930
27851872,https://fr.comparis.ch/immobilien/marktplatz/details/show/27851872
27851401,https://fr.comparis.ch/immobilien/marktplatz/details/show/27851401
27852365,https://fr.comparis.ch/immobilien/marktplatz/details/show/27852365
27850957,https://fr.comparis.ch/immobilien/marktplatz/details/show/27850957
27850629,https://fr.comparis.ch/immobilien/marktplatz/details/show/27850629
27850385,https://fr.comparis.ch/immobilien/marktplatz/details/show/27850385
27850361,https://fr.comparis.ch/immobilien/marktplatz/details/show/27850361
27850349,https://fr.comparis.ch/immobilien/marktplatz/details/show/27850349
27848482,https://fr.comparis.ch/immobilien/marktplatz/details/show/27848482
27848468,https://fr.comparis.ch/immobilien/marktplatz/details/show/27848468
27847450,https://fr.comparis.ch/immobilien/marktplatz/details/show/27847450
27847509,https://fr.comparis.ch/immobilien/marktplatz/details/show/27847509
27847505,https://fr.comparis.ch/immobilien/marktplatz/details/show/27847505
27846714,https://fr.comparis.ch/immobilien/marktplatz/details/show/27846714
27846701,https://fr.comparis.ch/immobilien/marktplatz/details/show/27846701
27844124,https://fr.comparis.ch/immobilien/marktplatz/details/show/27844124
27845127,https://fr.comparis.ch/immobilien/marktplatz/details/show/27845127
27843987,https://fr.comparis.ch/immobilien/marktplatz/details/show/27843987
27843984,https://fr.comparis.ch/immobilien/marktplatz/details/show/27843984
27843983,https://fr.comparis.ch/immobilien/marktplatz/details/show/27843983
27842378,https://fr.comparis.ch/immobilien/marktplatz/details/show/27842378
27843958,https://fr.comparis.ch/immobilien/marktplatz/details/show/27843958
27841813,https://fr.comparis.ch/immobilien/marktplatz/details/show/27841813
27841749,https://fr.comparis.ch/immobilien/marktplatz/details/show/27841749
27840124,https://fr.comparis.ch/immobilien/marktplatz/details/show/27840124
27840123,https://fr.comparis.ch/immobilien/marktplatz/details/show/27840123
27842055,https://fr.comparis.ch/immobilien/marktplatz/details/show/27842055
27860265,https://fr.comparis.ch/immobilien/marktplatz/details/show/27860265
27851474,https://fr.comparis.ch/immobilien/marktplatz/details/show/27851474
27846080,https://fr.comparis.ch/immobilien/marktplatz/details/show/27846080
27883107,https://fr.comparis.ch/immobilien/marktplatz/details/show/27883107
27833603,https://fr.comparis.ch/immobilien/marktplatz/details/show/27833603
27828814,https://fr.comparis.ch/immobilien/marktplatz/details/show/27828814
27828304,https://fr.comparis.ch/immobilien/marktplatz/details/show/27828304
27828160,https://fr.comparis.ch/immobilien/marktplatz/details/show/27828160
27828159,https://fr.comparis.ch/immobilien/marktplatz/details/show/27828159
27828158,https://fr.comparis.ch/immobilien/marktplatz/details/show/27828158
27828157,https://fr.comparis.ch/immobilien/marktplatz/details/show/27828157
27828156,https://fr.comparis.ch/immobilien/marktplatz/details/show/27828156
27827556,https://fr.comparis.ch/immobilien/marktplatz/details/show/27827556
27827554,https://fr.comparis.ch/immobilien/marktplatz/details/show/27827554
27827249,https://fr.comparis.ch/immobilien/marktplatz/details/show/27827249
27827166,https://fr.comparis.ch/immobilien/marktplatz/details/show/27827166
27878707,https://fr.comparis.ch/immobilien/marktplatz/details/show/27878707
27826897,https://fr.comparis.ch/immobilien/marktplatz/details/show/27826897
27841891,https://fr.comparis.ch/immobilien/marktplatz/details/show/27841891
27825909,https://fr.comparis.ch/immobilien/marktplatz/details/show/27825909
27828280,https://fr.comparis.ch/immobilien/marktplatz/details/show/27828280
27820207,https://fr.comparis.ch/immobilien/marktplatz/details/show/27820207
27817494,https://fr.comparis.ch/immobilien/marktplatz/details/show/27817494
27817479,https://fr.comparis.ch/immobilien/marktplatz/details/show/27817479
27816583,https://fr.comparis.ch/immobilien/marktplatz/details/show/27816583
27878343,https://fr.comparis.ch/immobilien/marktplatz/details/show/27878343
27814792,https://fr.comparis.ch/immobilien/marktplatz/details/show/27814792
27813397,https://fr.comparis.ch/immobilien/marktplatz/details/show/27813397
27811599,https://fr.comparis.ch/immobilien/marktplatz/details/show/27811599
27812055,https://fr.comparis.ch/immobilien/marktplatz/details/show/27812055
27809811,https://fr.comparis.ch/immobilien/marktplatz/details/show/27809811
27809181,https://fr.comparis.ch/immobilien/marktplatz/details/show/27809181
27808029,https://fr.comparis.ch/immobilien/marktplatz/details/show/27808029
27807665,https://fr.comparis.ch/immobilien/marktplatz/details/show/27807665
27807284,https://fr.comparis.ch/immobilien/marktplatz/details/show/27807284
27807107,https://fr.comparis.ch/immobilien/marktplatz/details/show/27807107
27804316,https://fr.comparis.ch/immobilien/marktplatz/details/show/27804316
27842938,https://fr.comparis.ch/immobilien/marktplatz/details/show/27842938
27804199,https://fr.comparis.ch/immobilien/marktplatz/details/show/27804199
27803542,https://fr.comparis.ch/immobilien/marktplatz/details/show/27803542
27802452,https://fr.comparis.ch/immobilien/marktplatz/details/show/27802452
27800488,https://fr.comparis.ch/immobilien/marktplatz/details/show/27800488
27799510,https://fr.comparis.ch/immobilien/marktplatz/details/show/27799510
27799758,https://fr.comparis.ch/immobilien/marktplatz/details/show/27799758
27799491,https://fr.comparis.ch/immobilien/marktplatz/details/show/27799491
27800353,https://fr.comparis.ch/immobilien/marktplatz/details/show/27800353
27798795,https://fr.comparis.ch/immobilien/marktplatz/details/show/27798795
27795843,https://fr.comparis.ch/immobilien/marktplatz/details/show/27795843
27795686,https://fr.comparis.ch/immobilien/marktplatz/details/show/27795686
27795554,https://fr.comparis.ch/immobilien/marktplatz/details/show/27795554
27795861,https://fr.comparis.ch/immobilien/marktplatz/details/show/27795861
27817122,https://fr.comparis.ch/immobilien/marktplatz/details/show/27817122
27793496,https://fr.comparis.ch/immobilien/marktplatz/details/show/27793496
27792935,https://fr.comparis.ch/immobilien/marktplatz/details/show/27792935
27792876,https://fr.comparis.ch/immobilien/marktplatz/details/show/27792876
27882454,https://fr.comparis.ch/immobilien/marktplatz/details/show/27882454
27792846,https://fr.comparis.ch/immobilien/marktplatz/details/show/27792846
27789026,https://fr.comparis.ch/immobilien/marktplatz/details/show/27789026
27788789,https://fr.comparis.ch/immobilien/marktplatz/details/show/27788789
27788542,https://fr.comparis.ch/immobilien/marktplatz/details/show/27788542
27818079,https://fr.comparis.ch/immobilien/marktplatz/details/show/27818079
27787371,https://fr.comparis.ch/immobilien/marktplatz/details/show/27787371
27783644,https://fr.comparis.ch/immobilien/marktplatz/details/show/27783644
27781388,https://fr.comparis.ch/immobilien/marktplatz/details/show/27781388
27879472,https://fr.comparis.ch/immobilien/marktplatz/details/show/27879472
27780102,https://fr.comparis.ch/immobilien/marktplatz/details/show/27780102
27780048,https://fr.comparis.ch/immobilien/marktplatz/details/show/27780048
27778029,https://fr.comparis.ch/immobilien/marktplatz/details/show/27778029
27775481,https://fr.comparis.ch/immobilien/marktplatz/details/show/27775481
27816033,https://fr.comparis.ch/immobilien/marktplatz/details/show/27816033
27771966,https://fr.comparis.ch/immobilien/marktplatz/details/show/27771966
27771633,https://fr.comparis.ch/immobilien/marktplatz/details/show/27771633
27770467,https://fr.comparis.ch/immobilien/marktplatz/details/show/27770467
27850628,https://fr.comparis.ch/immobilien/marktplatz/details/show/27850628
27770459,https://fr.comparis.ch/immobilien/marktplatz/details/show/27770459
27770231,https://fr.comparis.ch/immobilien/marktplatz/details/show/27770231
27857346,https://fr.comparis.ch/immobilien/marktplatz/details/show/27857346
27767759,https://fr.comparis.ch/immobilien/marktplatz/details/show/27767759
27768320,https://fr.comparis.ch/immobilien/marktplatz/details/show/27768320
27789027,https://fr.comparis.ch/immobilien/marktplatz/details/show/27789027
27789025,https://fr.comparis.ch/immobilien/marktplatz/details/show/27789025
27792950,https://fr.comparis.ch/immobilien/marktplatz/details/show/27792950
27764959,https://fr.comparis.ch/immobilien/marktplatz/details/show/27764959
27775513,https://fr.comparis.ch/immobilien/marktplatz/details/show/27775513
27761585,https://fr.comparis.ch/immobilien/marktplatz/details/show/27761585
27787801,https://fr.comparis.ch/immobilien/marktplatz/details/show/27787801
27758104,https://fr.comparis.ch/immobilien/marktplatz/details/show/27758104
27756613,https://fr.comparis.ch/immobilien/marktplatz/details/show/27756613
27755752,https://fr.comparis.ch/immobilien/marktplatz/details/show/27755752
27754894,https://fr.comparis.ch/immobilien/marktplatz/details/show/27754894
27758099,https://fr.comparis.ch/immobilien/marktplatz/details/show/27758099
27758100,https://fr.comparis.ch/immobilien/marktplatz/details/show/27758100
27756341,https://fr.comparis.ch/immobilien/marktplatz/details/show/27756341
27753453,https://fr.comparis.ch/immobilien/marktplatz/details/show/27753453
27761280,https://fr.comparis.ch/immobilien/marktplatz/details/show/27761280
27834096,https://fr.comparis.ch/immobilien/marktplatz/details/show/27834096
27748024,https://fr.comparis.ch/immobilien/marktplatz/details/show/27748024
27848481,https://fr.comparis.ch/immobilien/marktplatz/details/show/27848481
27811371,https://fr.comparis.ch/immobilien/marktplatz/details/show/27811371
27746144,https://fr.comparis.ch/immobilien/marktplatz/details/show/27746144
27746319,https://fr.comparis.ch/immobilien/marktplatz/details/show/27746319
27745478,https://fr.comparis.ch/immobilien/marktplatz/details/show/27745478
27744786,https://fr.comparis.ch/immobilien/marktplatz/details/show/27744786
27744784,https://fr.comparis.ch/immobilien/marktplatz/details/show/27744784
27744570,https://fr.comparis.ch/immobilien/marktplatz/details/show/27744570
27744569,https://fr.comparis.ch/immobilien/marktplatz/details/show/27744569
27743699,https://fr.comparis.ch/immobilien/marktplatz/details/show/27743699
27743475,https://fr.comparis.ch/immobilien/marktplatz/details/show/27743475
27847451,https://fr.comparis.ch/immobilien/marktplatz/details/show/27847451
27746299,https://fr.comparis.ch/immobilien/marktplatz/details/show/27746299
27739926,https://fr.comparis.ch/immobilien/marktplatz/details/show/27739926
27739821,https://fr.comparis.ch/immobilien/marktplatz/details/show/27739821
27732540,https://fr.comparis.ch/immobilien/marktplatz/details/show/27732540
27736483,https://fr.comparis.ch/immobilien/marktplatz/details/show/27736483
27736482,https://fr.comparis.ch/immobilien/marktplatz/details/show/27736482
27730703,https://fr.comparis.ch/immobilien/marktplatz/details/show/27730703
27729349,https://fr.comparis.ch/immobilien/marktplatz/details/show/27729349
27728562,https://fr.comparis.ch/immobilien/marktplatz/details/show/27728562
27723568,https://fr.comparis.ch/immobilien/marktplatz/details/show/27723568
27721384,https://fr.comparis.ch/immobilien/marktplatz/details/show/27721384
27870522,https://fr.comparis.ch/immobilien/marktplatz/details/show/27870522
27719828,https://fr.comparis.ch/immobilien/marktplatz/details/show/27719828
27848480,https://fr.comparis.ch/immobilien/marktplatz/details/show/27848480
27717731,https://fr.comparis.ch/immobilien/marktplatz/details/show/27717731
27717950,https://fr.comparis.ch/immobilien/marktplatz/details/show/27717950
27717687,https://fr.comparis.ch/immobilien/marktplatz/details/show/27717687
27717668,https://fr.comparis.ch/immobilien/marktplatz/details/show/27717668
27716475,https://fr.comparis.ch/immobilien/marktplatz/details/show/27716475
27714530,https://fr.comparis.ch/immobilien/marktplatz/details/show/27714530
27870526,https://fr.comparis.ch/immobilien/marktplatz/details/show/27870526
27877892,https://fr.comparis.ch/immobilien/marktplatz/details/show/27877892
27713633,https://fr.comparis.ch/immobilien/marktplatz/details/show/27713633
27874758,https://fr.comparis.ch/immobilien/marktplatz/details/show/27874758
27710238,https://fr.comparis.ch/immobilien/marktplatz/details/show/27710238
27760642,https://fr.comparis.ch/immobilien/marktplatz/details/show/27760642
27708316,https://fr.comparis.ch/immobilien/marktplatz/details/show/27708316
27708270,https://fr.comparis.ch/immobilien/marktplatz/details/show/27708270
27707035,https://fr.comparis.ch/immobilien/marktplatz/details/show/27707035
27704615,https://fr.comparis.ch/immobilien/marktplatz/details/show/27704615
27843867,https://fr.comparis.ch/immobilien/marktplatz/details/show/27843867
27700987,https://fr.comparis.ch/immobilien/marktplatz/details/show/27700987
27697588,https://fr.comparis.ch/immobilien/marktplatz/details/show/27697588
27775562,https://fr.comparis.ch/immobilien/marktplatz/details/show/27775562
27848476,https://fr.comparis.ch/immobilien/marktplatz/details/show/27848476
27695909,https://fr.comparis.ch/immobilien/marktplatz/details/show/27695909
27692796,https://fr.comparis.ch/immobilien/marktplatz/details/show/27692796
27692795,https://fr.comparis.ch/immobilien/marktplatz/details/show/27692795
27690182,https://fr.comparis.ch/immobilien/marktplatz/details/show/27690182
27690707,https://fr.comparis.ch/immobilien/marktplatz/details/show/27690707
27688160,https://fr.comparis.ch/immobilien/marktplatz/details/show/27688160
27848485,https://fr.comparis.ch/immobilien/marktplatz/details/show/27848485
27682088,https://fr.comparis.ch/immobilien/marktplatz/details/show/27682088
27863074,https://fr.comparis.ch/immobilien/marktplatz/details/show/27863074
27847508,https://fr.comparis.ch/immobilien/marktplatz/details/show/27847508
27662971,https://fr.comparis.ch/immobilien/marktplatz/details/show/27662971
27845082,https://fr.comparis.ch/immobilien/marktplatz/details/show/27845082
27661185,https://fr.comparis.ch/immobilien/marktplatz/details/show/27661185
27659616,https://fr.comparis.ch/immobilien/marktplatz/details/show/27659616
27764900,https://fr.comparis.ch/immobilien/marktplatz/details/show/27764900
27660240,https://fr.comparis.ch/immobilien/marktplatz/details/show/27660240
27871738,https://fr.comparis.ch/immobilien/marktplatz/details/show/27871738
27869739,https://fr.comparis.ch/immobilien/marktplatz/details/show/27869739
27883108,https://fr.comparis.ch/immobilien/marktplatz/details/show/27883108
27647642,https://fr.comparis.ch/immobilien/marktplatz/details/show/27647642
27648157,https://fr.comparis.ch/immobilien/marktplatz/details/show/27648157
27869815,https://fr.comparis.ch/immobilien/marktplatz/details/show/27869815
27793203,https://fr.comparis.ch/immobilien/marktplatz/details/show/27793203
27652053,https://fr.comparis.ch/immobilien/marktplatz/details/show/27652053
27654636,https://fr.comparis.ch/immobilien/marktplatz/details/show/27654636
27258085,https://fr.comparis.ch/immobilien/marktplatz/details/show/27258085
27852625,https://fr.comparis.ch/immobilien/marktplatz/details/show/27852625
27648156,https://fr.comparis.ch/immobilien/marktplatz/details/show/27648156
27659129,https://fr.comparis.ch/immobilien/marktplatz/details/show/27659129
27647641,https://fr.comparis.ch/immobilien/marktplatz/details/show/27647641
27648184,https://fr.comparis.ch/immobilien/marktplatz/details/show/27648184
27647542,https://fr.comparis.ch/immobilien/marktplatz/details/show/27647542
27647041,https://fr.comparis.ch/immobilien/marktplatz/details/show/27647041
27646779,https://fr.comparis.ch/immobilien/marktplatz/details/show/27646779
27646777,https://fr.comparis.ch/immobilien/marktplatz/details/show/27646777
27646605,https://fr.comparis.ch/immobilien/marktplatz/details/show/27646605
27646458,https://fr.comparis.ch/immobilien/marktplatz/details/show/27646458
27646455,https://fr.comparis.ch/immobilien/marktplatz/details/show/27646455
27646453,https://fr.comparis.ch/immobilien/marktplatz/details/show/27646453
27646116,https://fr.comparis.ch/immobilien/marktplatz/details/show/27646116
27646122,https://fr.comparis.ch/immobilien/marktplatz/details/show/27646122
27646119,https://fr.comparis.ch/immobilien/marktplatz/details/show/27646119
27646121,https://fr.comparis.ch/immobilien/marktplatz/details/show/27646121
27828936,https://fr.comparis.ch/immobilien/marktplatz/details/show/27828936
27648488,https://fr.comparis.ch/immobilien/marktplatz/details/show/27648488
27848447,https://fr.comparis.ch/immobilien/marktplatz/details/show/27848447
27640746,https://fr.comparis.ch/immobilien/marktplatz/details/show/27640746
27640700,https://fr.comparis.ch/immobilien/marktplatz/details/show/27640700
27096551,https://fr.comparis.ch/immobilien/marktplatz/details/show/27096551
27640696,https://fr.comparis.ch/immobilien/marktplatz/details/show/27640696
27853577,https://fr.comparis.ch/immobilien/marktplatz/details/show/27853577
27862937,https://fr.comparis.ch/immobilien/marktplatz/details/show/27862937
27637657,https://fr.comparis.ch/immobilien/marktplatz/details/show/27637657
27766035,https://fr.comparis.ch/immobilien/marktplatz/details/show/27766035
27637898,https://fr.comparis.ch/immobilien/marktplatz/details/show/27637898
27724239,https://fr.comparis.ch/immobilien/marktplatz/details/show/27724239
27631399,https://fr.comparis.ch/immobilien/marktplatz/details/show/27631399
27796058,https://fr.comparis.ch/immobilien/marktplatz/details/show/27796058
27630894,https://fr.comparis.ch/immobilien/marktplatz/details/show/27630894
27634694,https://fr.comparis.ch/immobilien/marktplatz/details/show/27634694
27848459,https://fr.comparis.ch/immobilien/marktplatz/details/show/27848459
27629278,https://fr.comparis.ch/immobilien/marktplatz/details/show/27629278
27627332,https://fr.comparis.ch/immobilien/marktplatz/details/show/27627332
27773512,https://fr.comparis.ch/immobilien/marktplatz/details/show/27773512
27793039,https://fr.comparis.ch/immobilien/marktplatz/details/show/27793039
27873168,https://fr.comparis.ch/immobilien/marktplatz/details/show/27873168
27781993,https://fr.comparis.ch/immobilien/marktplatz/details/show/27781993
27624418,https://fr.comparis.ch/immobilien/marktplatz/details/show/27624418
27883104,https://fr.comparis.ch/immobilien/marktplatz/details/show/27883104
27848470,https://fr.comparis.ch/immobilien/marktplatz/details/show/27848470
27873807,https://fr.comparis.ch/immobilien/marktplatz/details/show/27873807
27618799,https://fr.comparis.ch/immobilien/marktplatz/details/show/27618799
26909959,https://fr.comparis.ch/immobilien/marktplatz/details/show/26909959
27620370,https://fr.comparis.ch/immobilien/marktplatz/details/show/27620370
27611600,https://fr.comparis.ch/immobilien/marktplatz/details/show/27611600
27611073,https://fr.comparis.ch/immobilien/marktplatz/details/show/27611073
27609334,https://fr.comparis.ch/immobilien/marktplatz/details/show/27609334
27616695,https://fr.comparis.ch/immobilien/marktplatz/details/show/27616695
27607659,https://fr.comparis.ch/immobilien/marktplatz/details/show/27607659
27610484,https://fr.comparis.ch/immobilien/marktplatz/details/show/27610484
27156317,https://fr.comparis.ch/immobilien/marktplatz/details/show/27156317
27156316,https://fr.comparis.ch/immobilien/marktplatz/details/show/27156316
27156315,https://fr.comparis.ch/immobilien/marktplatz/details/show/27156315
27605211,https://fr.comparis.ch/immobilien/marktplatz/details/show/27605211
27880603,https://fr.comparis.ch/immobilien/marktplatz/details/show/27880603
27600971,https://fr.comparis.ch/immobilien/marktplatz/details/show/27600971
27599090,https://fr.comparis.ch/immobilien/marktplatz/details/show/27599090
25206761,https://fr.comparis.ch/immobilien/marktplatz/details/show/25206761
27874752,https://fr.comparis.ch/immobilien/marktplatz/details/show/27874752
27873074,https://fr.comparis.ch/immobilien/marktplatz/details/show/27873074
27593680,https://fr.comparis.ch/immobilien/marktplatz/details/show/27593680
27873821,https://fr.comparis.ch/immobilien/marktplatz/details/show/27873821
27848453,https://fr.comparis.ch/immobilien/marktplatz/details/show/27848453
27579780,https://fr.comparis.ch/immobilien/marktplatz/details/show/27579780
27423330,https://fr.comparis.ch/immobilien/marktplatz/details/show/27423330
27737119,https://fr.comparis.ch/immobilien/marktplatz/details/show/27737119
27422011,https://fr.comparis.ch/immobilien/marktplatz/details/show/27422011
27840469,https://fr.comparis.ch/immobilien/marktplatz/details/show/27840469
27570557,https://fr.comparis.ch/immobilien/marktplatz/details/show/27570557
23467049,https://fr.comparis.ch/immobilien/marktplatz/details/show/23467049
27569091,https://fr.comparis.ch/immobilien/marktplatz/details/show/27569091
27109337,https://fr.comparis.ch/immobilien/marktplatz/details/show/27109337
27568978,https://fr.comparis.ch/immobilien/marktplatz/details/show/27568978
27645005,https://fr.comparis.ch/immobilien/marktplatz/details/show/27645005
27567978,https://fr.comparis.ch/immobilien/marktplatz/details/show/27567978
27567918,https://fr.comparis.ch/immobilien/marktplatz/details/show/27567918
27571987,https://fr.comparis.ch/immobilien/marktplatz/details/show/27571987
27563550,https://fr.comparis.ch/immobilien/marktplatz/details/show/27563550
27563526,https://fr.comparis.ch/immobilien/marktplatz/details/show/27563526
27560590,https://fr.comparis.ch/immobilien/marktplatz/details/show/27560590
27555679,https://fr.comparis.ch/immobilien/marktplatz/details/show/27555679
27704874,https://fr.comparis.ch/immobilien/marktplatz/details/show/27704874
27553856,https://fr.comparis.ch/immobilien/marktplatz/details/show/27553856
26826543,https://fr.comparis.ch/immobilien/marktplatz/details/show/26826543
27871114,https://fr.comparis.ch/immobilien/marktplatz/details/show/27871114
27824421,https://fr.comparis.ch/immobilien/marktplatz/details/show/27824421
27824422,https://fr.comparis.ch/immobilien/marktplatz/details/show/27824422
27545210,https://fr.comparis.ch/immobilien/marktplatz/details/show/27545210
27545209,https://fr.comparis.ch/immobilien/marktplatz/details/show/27545209
27545208,https://fr.comparis.ch/immobilien/marktplatz/details/show/27545208
27545206,https://fr.comparis.ch/immobilien/marktplatz/details/show/27545206
27409622,https://fr.comparis.ch/immobilien/marktplatz/details/show/27409622
27536777,https://fr.comparis.ch/immobilien/marktplatz/details/show/27536777
27805193,https://fr.comparis.ch/immobilien/marktplatz/details/show/27805193
27805195,https://fr.comparis.ch/immobilien/marktplatz/details/show/27805195
27805198,https://fr.comparis.ch/immobilien/marktplatz/details/show/27805198
27804342,https://fr.comparis.ch/immobilien/marktplatz/details/show/27804342
27534424,https://fr.comparis.ch/immobilien/marktplatz/details/show/27534424
27534423,https://fr.comparis.ch/immobilien/marktplatz/details/show/27534423
27689524,https://fr.comparis.ch/immobilien/marktplatz/details/show/27689524
27545859,https://fr.comparis.ch/immobilien/marktplatz/details/show/27545859
27044597,https://fr.comparis.ch/immobilien/marktplatz/details/show/27044597
27533344,https://fr.comparis.ch/immobilien/marktplatz/details/show/27533344
27808440,https://fr.comparis.ch/immobilien/marktplatz/details/show/27808440
27807108,https://fr.comparis.ch/immobilien/marktplatz/details/show/27807108
27808436,https://fr.comparis.ch/immobilien/marktplatz/details/show/27808436
27148390,https://fr.comparis.ch/immobilien/marktplatz/details/show/27148390
27524064,https://fr.comparis.ch/immobilien/marktplatz/details/show/27524064
26668371,https://fr.comparis.ch/immobilien/marktplatz/details/show/26668371
27794275,https://fr.comparis.ch/immobilien/marktplatz/details/show/27794275
27518402,https://fr.comparis.ch/immobilien/marktplatz/details/show/27518402
27820833,https://fr.comparis.ch/immobilien/marktplatz/details/show/27820833
27792461,https://fr.comparis.ch/immobilien/marktplatz/details/show/27792461
27527051,https://fr.comparis.ch/immobilien/marktplatz/details/show/27527051
27514353,https://fr.comparis.ch/immobilien/marktplatz/details/show/27514353
27808030,https://fr.comparis.ch/immobilien/marktplatz/details/show/27808030
27509916,https://fr.comparis.ch/immobilien/marktplatz/details/show/27509916
27509073,https://fr.comparis.ch/immobilien/marktplatz/details/show/27509073
27599088,https://fr.comparis.ch/immobilien/marktplatz/details/show/27599088
27505627,https://fr.comparis.ch/immobilien/marktplatz/details/show/27505627
27502492,https://fr.comparis.ch/immobilien/marktplatz/details/show/27502492
27501106,https://fr.comparis.ch/immobilien/marktplatz/details/show/27501106
27650886,https://fr.comparis.ch/immobilien/marktplatz/details/show/27650886
27497015,https://fr.comparis.ch/immobilien/marktplatz/details/show/27497015
27497019,https://fr.comparis.ch/immobilien/marktplatz/details/show/27497019
27497018,https://fr.comparis.ch/immobilien/marktplatz/details/show/27497018
27497017,https://fr.comparis.ch/immobilien/marktplatz/details/show/27497017
27497014,https://fr.comparis.ch/immobilien/marktplatz/details/show/27497014
27644366,https://fr.comparis.ch/immobilien/marktplatz/details/show/27644366
27496075,https://fr.comparis.ch/immobilien/marktplatz/details/show/27496075
27493987,https://fr.comparis.ch/immobilien/marktplatz/details/show/27493987
27491419,https://fr.comparis.ch/immobilien/marktplatz/details/show/27491419
27760617,https://fr.comparis.ch/immobilien/marktplatz/details/show/27760617
27488979,https://fr.comparis.ch/immobilien/marktplatz/details/show/27488979
27468772,https://fr.comparis.ch/immobilien/marktplatz/details/show/27468772
27752917,https://fr.comparis.ch/immobilien/marktplatz/details/show/27752917
27477945,https://fr.comparis.ch/immobilien/marktplatz/details/show/27477945
27258232,https://fr.comparis.ch/immobilien/marktplatz/details/show/27258232
27848469,https://fr.comparis.ch/immobilien/marktplatz/details/show/27848469
27746297,https://fr.comparis.ch/immobilien/marktplatz/details/show/27746297
27802474,https://fr.comparis.ch/immobilien/marktplatz/details/show/27802474
27464813,https://fr.comparis.ch/immobilien/marktplatz/details/show/27464813
27464491,https://fr.comparis.ch/immobilien/marktplatz/details/show/27464491
27873077,https://fr.comparis.ch/immobilien/marktplatz/details/show/27873077
27460196,https://fr.comparis.ch/immobilien/marktplatz/details/show/27460196
27460163,https://fr.comparis.ch/immobilien/marktplatz/details/show/27460163
26288527,https://fr.comparis.ch/immobilien/marktplatz/details/show/26288527
27457721,https://fr.comparis.ch/immobilien/marktplatz/details/show/27457721
27457720,https://fr.comparis.ch/immobilien/marktplatz/details/show/27457720
27457996,https://fr.comparis.ch/immobilien/marktplatz/details/show/27457996
27852621,https://fr.comparis.ch/immobilien/marktplatz/details/show/27852621
27443299,https://fr.comparis.ch/immobilien/marktplatz/details/show/27443299
27454344,https://fr.comparis.ch/immobilien/marktplatz/details/show/27454344
27451936,https://fr.comparis.ch/immobilien/marktplatz/details/show/27451936
27450314,https://fr.comparis.ch/immobilien/marktplatz/details/show/27450314
27450105,https://fr.comparis.ch/immobilien/marktplatz/details/show/27450105
27451859,https://fr.comparis.ch/immobilien/marktplatz/details/show/27451859
27724271,https://fr.comparis.ch/immobilien/marktplatz/details/show/27724271
25840952,https://fr.comparis.ch/immobilien/marktplatz/details/show/25840952
26723268,https://fr.comparis.ch/immobilien/marktplatz/details/show/26723268
27717980,https://fr.comparis.ch/immobilien/marktplatz/details/show/27717980
27441582,https://fr.comparis.ch/immobilien/marktplatz/details/show/27441582
27440277,https://fr.comparis.ch/immobilien/marktplatz/details/show/27440277
27439395,https://fr.comparis.ch/immobilien/marktplatz/details/show/27439395
27439392,https://fr.comparis.ch/immobilien/marktplatz/details/show/27439392
27438512,https://fr.comparis.ch/immobilien/marktplatz/details/show/27438512
27560434,https://fr.comparis.ch/immobilien/marktplatz/details/show/27560434
27884989,https://fr.comparis.ch/immobilien/marktplatz/details/show/27884989
27433227,https://fr.comparis.ch/immobilien/marktplatz/details/show/27433227
27876303,https://fr.comparis.ch/immobilien/marktplatz/details/show/27876303
27848446,https://fr.comparis.ch/immobilien/marktplatz/details/show/27848446
27709628,https://fr.comparis.ch/immobilien/marktplatz/details/show/27709628
27416548,https://fr.comparis.ch/immobilien/marktplatz/details/show/27416548
27523594,https://fr.comparis.ch/immobilien/marktplatz/details/show/27523594
27423468,https://fr.comparis.ch/immobilien/marktplatz/details/show/27423468
27744249,https://fr.comparis.ch/immobilien/marktplatz/details/show/27744249
27599945,https://fr.comparis.ch/immobilien/marktplatz/details/show/27599945
27416162,https://fr.comparis.ch/immobilien/marktplatz/details/show/27416162
27416016,https://fr.comparis.ch/immobilien/marktplatz/details/show/27416016
27472861,https://fr.comparis.ch/immobilien/marktplatz/details/show/27472861
27793260,https://fr.comparis.ch/immobilien/marktplatz/details/show/27793260
27668927,https://fr.comparis.ch/immobilien/marktplatz/details/show/27668927
27386232,https://fr.comparis.ch/immobilien/marktplatz/details/show/27386232
27801092,https://fr.comparis.ch/immobilien/marktplatz/details/show/27801092
27383405,https://fr.comparis.ch/immobilien/marktplatz/details/show/27383405
27383406,https://fr.comparis.ch/immobilien/marktplatz/details/show/27383406
27648438,https://fr.comparis.ch/immobilien/marktplatz/details/show/27648438
27377729,https://fr.comparis.ch/immobilien/marktplatz/details/show/27377729
27380160,https://fr.comparis.ch/immobilien/marktplatz/details/show/27380160
27668817,https://fr.comparis.ch/immobilien/marktplatz/details/show/27668817
27455630,https://fr.comparis.ch/immobilien/marktplatz/details/show/27455630
27502595,https://fr.comparis.ch/immobilien/marktplatz/details/show/27502595
27358378,https://fr.comparis.ch/immobilien/marktplatz/details/show/27358378
27358333,https://fr.comparis.ch/immobilien/marktplatz/details/show/27358333
27358332,https://fr.comparis.ch/immobilien/marktplatz/details/show/27358332
27358330,https://fr.comparis.ch/immobilien/marktplatz/details/show/27358330
27358329,https://fr.comparis.ch/immobilien/marktplatz/details/show/27358329
27357314,https://fr.comparis.ch/immobilien/marktplatz/details/show/27357314
27356985,https://fr.comparis.ch/immobilien/marktplatz/details/show/27356985
27356592,https://fr.comparis.ch/immobilien/marktplatz/details/show/27356592
27634427,https://fr.comparis.ch/immobilien/marktplatz/details/show/27634427
27346477,https://fr.comparis.ch/immobilien/marktplatz/details/show/27346477
27347281,https://fr.comparis.ch/immobilien/marktplatz/details/show/27347281
27346439,https://fr.comparis.ch/immobilien/marktplatz/details/show/27346439
27344379,https://fr.comparis.ch/immobilien/marktplatz/details/show/27344379
27343908,https://fr.comparis.ch/immobilien/marktplatz/details/show/27343908
27882952,https://fr.comparis.ch/immobilien/marktplatz/details/show/27882952
27325570,https://fr.comparis.ch/immobilien/marktplatz/details/show/27325570
27860333,https://fr.comparis.ch/immobilien/marktplatz/details/show/27860333
27788711,https://fr.comparis.ch/immobilien/marktplatz/details/show/27788711
27723147,https://fr.comparis.ch/immobilien/marktplatz/details/show/27723147
27329331,https://fr.comparis.ch/immobilien/marktplatz/details/show/27329331
27722629,https://fr.comparis.ch/immobilien/marktplatz/details/show/27722629
27848455,https://fr.comparis.ch/immobilien/marktplatz/details/show/27848455
27634417,https://fr.comparis.ch/immobilien/marktplatz/details/show/27634417
27833698,https://fr.comparis.ch/immobilien/marktplatz/details/show/27833698
27296595,https://fr.comparis.ch/immobilien/marktplatz/details/show/27296595
27315206,https://fr.comparis.ch/immobilien/marktplatz/details/show/27315206
27723798,https://fr.comparis.ch/immobilien/marktplatz/details/show/27723798
27292517,https://fr.comparis.ch/immobilien/marktplatz/details/show/27292517
27211981,https://fr.comparis.ch/immobilien/marktplatz/details/show/27211981
27115159,https://fr.comparis.ch/immobilien/marktplatz/details/show/27115159
27115158,https://fr.comparis.ch/immobilien/marktplatz/details/show/27115158
27211955,https://fr.comparis.ch/immobilien/marktplatz/details/show/27211955
27211937,https://fr.comparis.ch/immobilien/marktplatz/details/show/27211937
27115153,https://fr.comparis.ch/immobilien/marktplatz/details/show/27115153
27211944,https://fr.comparis.ch/immobilien/marktplatz/details/show/27211944
27292306,https://fr.comparis.ch/immobilien/marktplatz/details/show/27292306
27124772,https://fr.comparis.ch/immobilien/marktplatz/details/show/27124772
27124531,https://fr.comparis.ch/immobilien/marktplatz/details/show/27124531
27124026,https://fr.comparis.ch/immobilien/marktplatz/details/show/27124026
27287582,https://fr.comparis.ch/immobilien/marktplatz/details/show/27287582
27287557,https://fr.comparis.ch/immobilien/marktplatz/details/show/27287557
27286074,https://fr.comparis.ch/immobilien/marktplatz/details/show/27286074
27279280,https://fr.comparis.ch/immobilien/marktplatz/details/show/27279280
27279279,https://fr.comparis.ch/immobilien/marktplatz/details/show/27279279
27277770,https://fr.comparis.ch/immobilien/marktplatz/details/show/27277770
27722802,https://fr.comparis.ch/immobilien/marktplatz/details/show/27722802
27273487,https://fr.comparis.ch/immobilien/marktplatz/details/show/27273487
27273106,https://fr.comparis.ch/immobilien/marktplatz/details/show/27273106
27272137,https://fr.comparis.ch/immobilien/marktplatz/details/show/27272137
27270434,https://fr.comparis.ch/immobilien/marktplatz/details/show/27270434
27156318,https://fr.comparis.ch/immobilien/marktplatz/details/show/27156318
27723150,https://fr.comparis.ch/immobilien/marktplatz/details/show/27723150
27256387,https://fr.comparis.ch/immobilien/marktplatz/details/show/27256387
27128427,https://fr.comparis.ch/immobilien/marktplatz/details/show/27128427
27711715,https://fr.comparis.ch/immobilien/marktplatz/details/show/27711715
27811598,https://fr.comparis.ch/immobilien/marktplatz/details/show/27811598
27251737,https://fr.comparis.ch/immobilien/marktplatz/details/show/27251737
27239073,https://fr.comparis.ch/immobilien/marktplatz/details/show/27239073
27414374,https://fr.comparis.ch/immobilien/marktplatz/details/show/27414374
27672773,https://fr.comparis.ch/immobilien/marktplatz/details/show/27672773
27222172,https://fr.comparis.ch/immobilien/marktplatz/details/show/27222172
27222167,https://fr.comparis.ch/immobilien/marktplatz/details/show/27222167
27857783,https://fr.comparis.ch/immobilien/marktplatz/details/show/27857783
27467947,https://fr.comparis.ch/immobilien/marktplatz/details/show/27467947
27221459,https://fr.comparis.ch/immobilien/marktplatz/details/show/27221459
27551116,https://fr.comparis.ch/immobilien/marktplatz/details/show/27551116
27221437,https://fr.comparis.ch/immobilien/marktplatz/details/show/27221437
27221435,https://fr.comparis.ch/immobilien/marktplatz/details/show/27221435
27221167,https://fr.comparis.ch/immobilien/marktplatz/details/show/27221167
27221130,https://fr.comparis.ch/immobilien/marktplatz/details/show/27221130
27219827,https://fr.comparis.ch/immobilien/marktplatz/details/show/27219827
27213030,https://fr.comparis.ch/immobilien/marktplatz/details/show/27213030
27213022,https://fr.comparis.ch/immobilien/marktplatz/details/show/27213022
27212954,https://fr.comparis.ch/immobilien/marktplatz/details/show/27212954
27618618,https://fr.comparis.ch/immobilien/marktplatz/details/show/27618618
27615681,https://fr.comparis.ch/immobilien/marktplatz/details/show/27615681
27212887,https://fr.comparis.ch/immobilien/marktplatz/details/show/27212887
27212862,https://fr.comparis.ch/immobilien/marktplatz/details/show/27212862
27212861,https://fr.comparis.ch/immobilien/marktplatz/details/show/27212861
27713634,https://fr.comparis.ch/immobilien/marktplatz/details/show/27713634
27329202,https://fr.comparis.ch/immobilien/marktplatz/details/show/27329202
27212838,https://fr.comparis.ch/immobilien/marktplatz/details/show/27212838
27212836,https://fr.comparis.ch/immobilien/marktplatz/details/show/27212836
27212834,https://fr.comparis.ch/immobilien/marktplatz/details/show/27212834
27737120,https://fr.comparis.ch/immobilien/marktplatz/details/show/27737120
27164889,https://fr.comparis.ch/immobilien/marktplatz/details/show/27164889
27289516,https://fr.comparis.ch/immobilien/marktplatz/details/show/27289516
27204960,https://fr.comparis.ch/immobilien/marktplatz/details/show/27204960
27154593,https://fr.comparis.ch/immobilien/marktplatz/details/show/27154593
27808439,https://fr.comparis.ch/immobilien/marktplatz/details/show/27808439
27148391,https://fr.comparis.ch/immobilien/marktplatz/details/show/27148391
27150948,https://fr.comparis.ch/immobilien/marktplatz/details/show/27150948
27838569,https://fr.comparis.ch/immobilien/marktplatz/details/show/27838569
27143488,https://fr.comparis.ch/immobilien/marktplatz/details/show/27143488
27142226,https://fr.comparis.ch/immobilien/marktplatz/details/show/27142226
27151004,https://fr.comparis.ch/immobilien/marktplatz/details/show/27151004
27884991,https://fr.comparis.ch/immobilien/marktplatz/details/show/27884991
27139441,https://fr.comparis.ch/immobilien/marktplatz/details/show/27139441
27129189,https://fr.comparis.ch/immobilien/marktplatz/details/show/27129189
26535642,https://fr.comparis.ch/immobilien/marktplatz/details/show/26535642
27704881,https://fr.comparis.ch/immobilien/marktplatz/details/show/27704881
27124824,https://fr.comparis.ch/immobilien/marktplatz/details/show/27124824
27289513,https://fr.comparis.ch/immobilien/marktplatz/details/show/27289513
27838570,https://fr.comparis.ch/immobilien/marktplatz/details/show/27838570
27120078,https://fr.comparis.ch/immobilien/marktplatz/details/show/27120078
27115165,https://fr.comparis.ch/immobilien/marktplatz/details/show/27115165
27476734,https://fr.comparis.ch/immobilien/marktplatz/details/show/27476734
27164864,https://fr.comparis.ch/immobilien/marktplatz/details/show/27164864
27148377,https://fr.comparis.ch/immobilien/marktplatz/details/show/27148377
27112234,https://fr.comparis.ch/immobilien/marktplatz/details/show/27112234
27664518,https://fr.comparis.ch/immobilien/marktplatz/details/show/27664518
27110266,https://fr.comparis.ch/immobilien/marktplatz/details/show/27110266
27018659,https://fr.comparis.ch/immobilien/marktplatz/details/show/27018659
27112117,https://fr.comparis.ch/immobilien/marktplatz/details/show/27112117
27109336,https://fr.comparis.ch/immobilien/marktplatz/details/show/27109336
27108739,https://fr.comparis.ch/immobilien/marktplatz/details/show/27108739
27697504,https://fr.comparis.ch/immobilien/marktplatz/details/show/27697504
27105071,https://fr.comparis.ch/immobilien/marktplatz/details/show/27105071
27258231,https://fr.comparis.ch/immobilien/marktplatz/details/show/27258231
23800707,https://fr.comparis.ch/immobilien/marktplatz/details/show/23800707
27097025,https://fr.comparis.ch/immobilien/marktplatz/details/show/27097025
27018646,https://fr.comparis.ch/immobilien/marktplatz/details/show/27018646
27848393,https://fr.comparis.ch/immobilien/marktplatz/details/show/27848393
27093044,https://fr.comparis.ch/immobilien/marktplatz/details/show/27093044
27093043,https://fr.comparis.ch/immobilien/marktplatz/details/show/27093043
27837531,https://fr.comparis.ch/immobilien/marktplatz/details/show/27837531
27837501,https://fr.comparis.ch/immobilien/marktplatz/details/show/27837501
27093040,https://fr.comparis.ch/immobilien/marktplatz/details/show/27093040
27084143,https://fr.comparis.ch/immobilien/marktplatz/details/show/27084143
27092992,https://fr.comparis.ch/immobilien/marktplatz/details/show/27092992
27092060,https://fr.comparis.ch/immobilien/marktplatz/details/show/27092060
27092059,https://fr.comparis.ch/immobilien/marktplatz/details/show/27092059
27092058,https://fr.comparis.ch/immobilien/marktplatz/details/show/27092058
26570704,https://fr.comparis.ch/immobilien/marktplatz/details/show/26570704
27089507,https://fr.comparis.ch/immobilien/marktplatz/details/show/27089507
27853148,https://fr.comparis.ch/immobilien/marktplatz/details/show/27853148
27853146,https://fr.comparis.ch/immobilien/marktplatz/details/show/27853146
27085826,https://fr.comparis.ch/immobilien/marktplatz/details/show/27085826
27085076,https://fr.comparis.ch/immobilien/marktplatz/details/show/27085076
27083430,https://fr.comparis.ch/immobilien/marktplatz/details/show/27083430
27861501,https://fr.comparis.ch/immobilien/marktplatz/details/show/27861501
27846772,https://fr.comparis.ch/immobilien/marktplatz/details/show/27846772
27848462,https://fr.comparis.ch/immobilien/marktplatz/details/show/27848462
26496231,https://fr.comparis.ch/immobilien/marktplatz/details/show/26496231
27664519,https://fr.comparis.ch/immobilien/marktplatz/details/show/27664519
27059552,https://fr.comparis.ch/immobilien/marktplatz/details/show/27059552
27059475,https://fr.comparis.ch/immobilien/marktplatz/details/show/27059475
27884990,https://fr.comparis.ch/immobilien/marktplatz/details/show/27884990
27848448,https://fr.comparis.ch/immobilien/marktplatz/details/show/27848448
27044600,https://fr.comparis.ch/immobilien/marktplatz/details/show/27044600
27044473,https://fr.comparis.ch/immobilien/marktplatz/details/show/27044473
27704872,https://fr.comparis.ch/immobilien/marktplatz/details/show/27704872
27704890,https://fr.comparis.ch/immobilien/marktplatz/details/show/27704890
27853657,https://fr.comparis.ch/immobilien/marktplatz/details/show/27853657
27030031,https://fr.comparis.ch/immobilien/marktplatz/details/show/27030031
27800338,https://fr.comparis.ch/immobilien/marktplatz/details/show/27800338
26790309,https://fr.comparis.ch/immobilien/marktplatz/details/show/26790309
27018647,https://fr.comparis.ch/immobilien/marktplatz/details/show/27018647
27014258,https://fr.comparis.ch/immobilien/marktplatz/details/show/27014258
26921794,https://fr.comparis.ch/immobilien/marktplatz/details/show/26921794
27002112,https://fr.comparis.ch/immobilien/marktplatz/details/show/27002112
27089515,https://fr.comparis.ch/immobilien/marktplatz/details/show/27089515
27089511,https://fr.comparis.ch/immobilien/marktplatz/details/show/27089511
27089509,https://fr.comparis.ch/immobilien/marktplatz/details/show/27089509
27848396,https://fr.comparis.ch/immobilien/marktplatz/details/show/27848396
27089514,https://fr.comparis.ch/immobilien/marktplatz/details/show/27089514
27000643,https://fr.comparis.ch/immobilien/marktplatz/details/show/27000643
27000642,https://fr.comparis.ch/immobilien/marktplatz/details/show/27000642
26990797,https://fr.comparis.ch/immobilien/marktplatz/details/show/26990797
26983929,https://fr.comparis.ch/immobilien/marktplatz/details/show/26983929
26980813,https://fr.comparis.ch/immobilien/marktplatz/details/show/26980813
27423956,https://fr.comparis.ch/immobilien/marktplatz/details/show/27423956
27279258,https://fr.comparis.ch/immobilien/marktplatz/details/show/27279258
26861739,https://fr.comparis.ch/immobilien/marktplatz/details/show/26861739
27792862,https://fr.comparis.ch/immobilien/marktplatz/details/show/27792862
27627365,https://fr.comparis.ch/immobilien/marktplatz/details/show/27627365
27621479,https://fr.comparis.ch/immobilien/marktplatz/details/show/27621479
27621480,https://fr.comparis.ch/immobilien/marktplatz/details/show/27621480
27621488,https://fr.comparis.ch/immobilien/marktplatz/details/show/27621488
27621483,https://fr.comparis.ch/immobilien/marktplatz/details/show/27621483
27621487,https://fr.comparis.ch/immobilien/marktplatz/details/show/27621487
26947759,https://fr.comparis.ch/immobilien/marktplatz/details/show/26947759
26949573,https://fr.comparis.ch/immobilien/marktplatz/details/show/26949573
25648814,https://fr.comparis.ch/immobilien/marktplatz/details/show/25648814
25656100,https://fr.comparis.ch/immobilien/marktplatz/details/show/25656100
27258084,https://fr.comparis.ch/immobilien/marktplatz/details/show/27258084
26934171,https://fr.comparis.ch/immobilien/marktplatz/details/show/26934171
26921821,https://fr.comparis.ch/immobilien/marktplatz/details/show/26921821
26921646,https://fr.comparis.ch/immobilien/marktplatz/details/show/26921646
27733840,https://fr.comparis.ch/immobilien/marktplatz/details/show/27733840
26920514,https://fr.comparis.ch/immobilien/marktplatz/details/show/26920514
26920251,https://fr.comparis.ch/immobilien/marktplatz/details/show/26920251
26914509,https://fr.comparis.ch/immobilien/marktplatz/details/show/26914509
23422816,https://fr.comparis.ch/immobilien/marktplatz/details/show/23422816
26907683,https://fr.comparis.ch/immobilien/marktplatz/details/show/26907683
27708938,https://fr.comparis.ch/immobilien/marktplatz/details/show/27708938
25562138,https://fr.comparis.ch/immobilien/marktplatz/details/show/25562138
26917698,https://fr.comparis.ch/immobilien/marktplatz/details/show/26917698
27674711,https://fr.comparis.ch/immobilien/marktplatz/details/show/27674711
27423957,https://fr.comparis.ch/immobilien/marktplatz/details/show/27423957
27423959,https://fr.comparis.ch/immobilien/marktplatz/details/show/27423959
26852520,https://fr.comparis.ch/immobilien/marktplatz/details/show/26852520
27842508,https://fr.comparis.ch/immobilien/marktplatz/details/show/27842508
27531596,https://fr.comparis.ch/immobilien/marktplatz/details/show/27531596
27818444,https://fr.comparis.ch/immobilien/marktplatz/details/show/27818444
26816397,https://fr.comparis.ch/immobilien/marktplatz/details/show/26816397
27848454,https://fr.comparis.ch/immobilien/marktplatz/details/show/27848454
26814517,https://fr.comparis.ch/immobilien/marktplatz/details/show/26814517
26814511,https://fr.comparis.ch/immobilien/marktplatz/details/show/26814511
27826894,https://fr.comparis.ch/immobilien/marktplatz/details/show/27826894
27826898,https://fr.comparis.ch/immobilien/marktplatz/details/show/27826898
27306010,https://fr.comparis.ch/immobilien/marktplatz/details/show/27306010
27306003,https://fr.comparis.ch/immobilien/marktplatz/details/show/27306003
26814520,https://fr.comparis.ch/immobilien/marktplatz/details/show/26814520
27634426,https://fr.comparis.ch/immobilien/marktplatz/details/show/27634426
27865655,https://fr.comparis.ch/immobilien/marktplatz/details/show/27865655
27865652,https://fr.comparis.ch/immobilien/marktplatz/details/show/27865652
27865651,https://fr.comparis.ch/immobilien/marktplatz/details/show/27865651
27865650,https://fr.comparis.ch/immobilien/marktplatz/details/show/27865650
26800382,https://fr.comparis.ch/immobilien/marktplatz/details/show/26800382
27634419,https://fr.comparis.ch/immobilien/marktplatz/details/show/27634419
26791258,https://fr.comparis.ch/immobilien/marktplatz/details/show/26791258
26791257,https://fr.comparis.ch/immobilien/marktplatz/details/show/26791257
27865653,https://fr.comparis.ch/immobilien/marktplatz/details/show/27865653
26791254,https://fr.comparis.ch/immobilien/marktplatz/details/show/26791254
26791251,https://fr.comparis.ch/immobilien/marktplatz/details/show/26791251
26791250,https://fr.comparis.ch/immobilien/marktplatz/details/show/26791250
27826893,https://fr.comparis.ch/immobilien/marktplatz/details/show/27826893
26775467,https://fr.comparis.ch/immobilien/marktplatz/details/show/26775467
27784148,https://fr.comparis.ch/immobilien/marktplatz/details/show/27784148
23920651,https://fr.comparis.ch/immobilien/marktplatz/details/show/23920651
27516539,https://fr.comparis.ch/immobilien/marktplatz/details/show/27516539
26766390,https://fr.comparis.ch/immobilien/marktplatz/details/show/26766390
27634691,https://fr.comparis.ch/immobilien/marktplatz/details/show/27634691
26747650,https://fr.comparis.ch/immobilien/marktplatz/details/show/26747650
26740487,https://fr.comparis.ch/immobilien/marktplatz/details/show/26740487
26846321,https://fr.comparis.ch/immobilien/marktplatz/details/show/26846321
25606490,https://fr.comparis.ch/immobilien/marktplatz/details/show/25606490
27644377,https://fr.comparis.ch/immobilien/marktplatz/details/show/27644377
26725643,https://fr.comparis.ch/immobilien/marktplatz/details/show/26725643
26719993,https://fr.comparis.ch/immobilien/marktplatz/details/show/26719993
27883106,https://fr.comparis.ch/immobilien/marktplatz/details/show/27883106
27720793,https://fr.comparis.ch/immobilien/marktplatz/details/show/27720793
27848486,https://fr.comparis.ch/immobilien/marktplatz/details/show/27848486
27532651,https://fr.comparis.ch/immobilien/marktplatz/details/show/27532651
25353607,https://fr.comparis.ch/immobilien/marktplatz/details/show/25353607
26688034,https://fr.comparis.ch/immobilien/marktplatz/details/show/26688034
27634428,https://fr.comparis.ch/immobilien/marktplatz/details/show/27634428
26669890,https://fr.comparis.ch/immobilien/marktplatz/details/show/26669890
27880559,https://fr.comparis.ch/immobilien/marktplatz/details/show/27880559
26726498,https://fr.comparis.ch/immobilien/marktplatz/details/show/26726498
27843982,https://fr.comparis.ch/immobilien/marktplatz/details/show/27843982
27634422,https://fr.comparis.ch/immobilien/marktplatz/details/show/27634422
26640550,https://fr.comparis.ch/immobilien/marktplatz/details/show/26640550
26636620,https://fr.comparis.ch/immobilien/marktplatz/details/show/26636620
26629163,https://fr.comparis.ch/immobilien/marktplatz/details/show/26629163
26624944,https://fr.comparis.ch/immobilien/marktplatz/details/show/26624944
26619499,https://fr.comparis.ch/immobilien/marktplatz/details/show/26619499
27373819,https://fr.comparis.ch/immobilien/marktplatz/details/show/27373819
27857549,https://fr.comparis.ch/immobilien/marktplatz/details/show/27857549
27745436,https://fr.comparis.ch/immobilien/marktplatz/details/show/27745436
27873826,https://fr.comparis.ch/immobilien/marktplatz/details/show/27873826
26602888,https://fr.comparis.ch/immobilien/marktplatz/details/show/26602888
26592431,https://fr.comparis.ch/immobilien/marktplatz/details/show/26592431
26585641,https://fr.comparis.ch/immobilien/marktplatz/details/show/26585641
26591056,https://fr.comparis.ch/immobilien/marktplatz/details/show/26591056
27087484,https://fr.comparis.ch/immobilien/marktplatz/details/show/27087484
26570408,https://fr.comparis.ch/immobilien/marktplatz/details/show/26570408
27809845,https://fr.comparis.ch/immobilien/marktplatz/details/show/27809845
26573498,https://fr.comparis.ch/immobilien/marktplatz/details/show/26573498
27289512,https://fr.comparis.ch/immobilien/marktplatz/details/show/27289512
27292440,https://fr.comparis.ch/immobilien/marktplatz/details/show/27292440
26344153,https://fr.comparis.ch/immobilien/marktplatz/details/show/26344153
27870465,https://fr.comparis.ch/immobilien/marktplatz/details/show/27870465
26496225,https://fr.comparis.ch/immobilien/marktplatz/details/show/26496225
27332211,https://fr.comparis.ch/immobilien/marktplatz/details/show/27332211
26484451,https://fr.comparis.ch/immobilien/marktplatz/details/show/26484451
26477429,https://fr.comparis.ch/immobilien/marktplatz/details/show/26477429
26477427,https://fr.comparis.ch/immobilien/marktplatz/details/show/26477427
26476997,https://fr.comparis.ch/immobilien/marktplatz/details/show/26476997
26715169,https://fr.comparis.ch/immobilien/marktplatz/details/show/26715169
26542719,https://fr.comparis.ch/immobilien/marktplatz/details/show/26542719
26458924,https://fr.comparis.ch/immobilien/marktplatz/details/show/26458924
27091725,https://fr.comparis.ch/immobilien/marktplatz/details/show/27091725
25892902,https://fr.comparis.ch/immobilien/marktplatz/details/show/25892902
27848474,https://fr.comparis.ch/immobilien/marktplatz/details/show/27848474
27634429,https://fr.comparis.ch/immobilien/marktplatz/details/show/27634429
27808435,https://fr.comparis.ch/immobilien/marktplatz/details/show/27808435
27423962,https://fr.comparis.ch/immobilien/marktplatz/details/show/27423962
26352422,https://fr.comparis.ch/immobilien/marktplatz/details/show/26352422
27807850,https://fr.comparis.ch/immobilien/marktplatz/details/show/27807850
26281787,https://fr.comparis.ch/immobilien/marktplatz/details/show/26281787
27852201,https://fr.comparis.ch/immobilien/marktplatz/details/show/27852201
25525289,https://fr.comparis.ch/immobilien/marktplatz/details/show/25525289
27880589,https://fr.comparis.ch/immobilien/marktplatz/details/show/27880589
26161905,https://fr.comparis.ch/immobilien/marktplatz/details/show/26161905
26161903,https://fr.comparis.ch/immobilien/marktplatz/details/show/26161903
26159839,https://fr.comparis.ch/immobilien/marktplatz/details/show/26159839
27828906,https://fr.comparis.ch/immobilien/marktplatz/details/show/27828906
27644376,https://fr.comparis.ch/immobilien/marktplatz/details/show/27644376
25753410,https://fr.comparis.ch/immobilien/marktplatz/details/show/25753410
27634424,https://fr.comparis.ch/immobilien/marktplatz/details/show/27634424
23800708,https://fr.comparis.ch/immobilien/marktplatz/details/show/23800708
27826896,https://fr.comparis.ch/immobilien/marktplatz/details/show/27826896
27765110,https://fr.comparis.ch/immobilien/marktplatz/details/show/27765110
25981759,https://fr.comparis.ch/immobilien/marktplatz/details/show/25981759
25539672,https://fr.comparis.ch/immobilien/marktplatz/details/show/25539672
27256881,https://fr.comparis.ch/immobilien/marktplatz/details/show/27256881
25945771,https://fr.comparis.ch/immobilien/marktplatz/details/show/25945771
25945770,https://fr.comparis.ch/immobilien/marktplatz/details/show/25945770
26602555,https://fr.comparis.ch/immobilien/marktplatz/details/show/26602555
25892938,https://fr.comparis.ch/immobilien/marktplatz/details/show/25892938
26943892,https://fr.comparis.ch/immobilien/marktplatz/details/show/26943892
25880224,https://fr.comparis.ch/immobilien/marktplatz/details/show/25880224
25880223,https://fr.comparis.ch/immobilien/marktplatz/details/show/25880223
25868717,https://fr.comparis.ch/immobilien/marktplatz/details/show/25868717
25861949,https://fr.comparis.ch/immobilien/marktplatz/details/show/25861949
25850849,https://fr.comparis.ch/immobilien/marktplatz/details/show/25850849
27820835,https://fr.comparis.ch/immobilien/marktplatz/details/show/27820835
27808115,https://fr.comparis.ch/immobilien/marktplatz/details/show/27808115
25823633,https://fr.comparis.ch/immobilien/marktplatz/details/show/25823633
27655054,https://fr.comparis.ch/immobilien/marktplatz/details/show/27655054
25777211,https://fr.comparis.ch/immobilien/marktplatz/details/show/25777211
25745900,https://fr.comparis.ch/immobilien/marktplatz/details/show/25745900
23983633,https://fr.comparis.ch/immobilien/marktplatz/details/show/23983633
25291842,https://fr.comparis.ch/immobilien/marktplatz/details/show/25291842
27634420,https://fr.comparis.ch/immobilien/marktplatz/details/show/27634420
25666709,https://fr.comparis.ch/immobilien/marktplatz/details/show/25666709
25653206,https://fr.comparis.ch/immobilien/marktplatz/details/show/25653206
27640754,https://fr.comparis.ch/immobilien/marktplatz/details/show/27640754
25604796,https://fr.comparis.ch/immobilien/marktplatz/details/show/25604796
27148373,https://fr.comparis.ch/immobilien/marktplatz/details/show/27148373
25007429,https://fr.comparis.ch/immobilien/marktplatz/details/show/25007429
27843460,https://fr.comparis.ch/immobilien/marktplatz/details/show/27843460
25568483,https://fr.comparis.ch/immobilien/marktplatz/details/show/25568483
25568219,https://fr.comparis.ch/immobilien/marktplatz/details/show/25568219
25565001,https://fr.comparis.ch/immobilien/marktplatz/details/show/25565001
26974387,https://fr.comparis.ch/immobilien/marktplatz/details/show/26974387
27526958,https://fr.comparis.ch/immobilien/marktplatz/details/show/27526958
25525290,https://fr.comparis.ch/immobilien/marktplatz/details/show/25525290
25525282,https://fr.comparis.ch/immobilien/marktplatz/details/show/25525282
27634430,https://fr.comparis.ch/immobilien/marktplatz/details/show/27634430
27634432,https://fr.comparis.ch/immobilien/marktplatz/details/show/27634432
25516979,https://fr.comparis.ch/immobilien/marktplatz/details/show/25516979
25515880,https://fr.comparis.ch/immobilien/marktplatz/details/show/25515880
25515871,https://fr.comparis.ch/immobilien/marktplatz/details/show/25515871
26521983,https://fr.comparis.ch/immobilien/marktplatz/details/show/26521983
25515864,https://fr.comparis.ch/immobilien/marktplatz/details/show/25515864
25518412,https://fr.comparis.ch/immobilien/marktplatz/details/show/25518412
27750026,https://fr.comparis.ch/immobilien/marktplatz/details/show/27750026
25291873,https://fr.comparis.ch/immobilien/marktplatz/details/show/25291873
23559937,https://fr.comparis.ch/immobilien/marktplatz/details/show/23559937
27133634,https://fr.comparis.ch/immobilien/marktplatz/details/show/27133634
25512643,https://fr.comparis.ch/immobilien/marktplatz/details/show/25512643
27848228,https://fr.comparis.ch/immobilien/marktplatz/details/show/27848228
25467944,https://fr.comparis.ch/immobilien/marktplatz/details/show/25467944
26332294,https://fr.comparis.ch/immobilien/marktplatz/details/show/26332294
25441984,https://fr.comparis.ch/immobilien/marktplatz/details/show/25441984
27306005,https://fr.comparis.ch/immobilien/marktplatz/details/show/27306005
25405192,https://fr.comparis.ch/immobilien/marktplatz/details/show/25405192
25657564,https://fr.comparis.ch/immobilien/marktplatz/details/show/25657564
27289509,https://fr.comparis.ch/immobilien/marktplatz/details/show/27289509
27373008,https://fr.comparis.ch/immobilien/marktplatz/details/show/27373008
25290280,https://fr.comparis.ch/immobilien/marktplatz/details/show/25290280
27634423,https://fr.comparis.ch/immobilien/marktplatz/details/show/27634423
25731241,https://fr.comparis.ch/immobilien/marktplatz/details/show/25731241
25962753,https://fr.comparis.ch/immobilien/marktplatz/details/show/25962753
25256984,https://fr.comparis.ch/immobilien/marktplatz/details/show/25256984
25291867,https://fr.comparis.ch/immobilien/marktplatz/details/show/25291867
27212808,https://fr.comparis.ch/immobilien/marktplatz/details/show/27212808
27793257,https://fr.comparis.ch/immobilien/marktplatz/details/show/27793257
25008213,https://fr.comparis.ch/immobilien/marktplatz/details/show/25008213
23800709,https://fr.comparis.ch/immobilien/marktplatz/details/show/23800709
25121729,https://fr.comparis.ch/immobilien/marktplatz/details/show/25121729
27458045,https://fr.comparis.ch/immobilien/marktplatz/details/show/27458045
25066781,https://fr.comparis.ch/immobilien/marktplatz/details/show/25066781
25231464,https://fr.comparis.ch/immobilien/marktplatz/details/show/25231464
25022880,https://fr.comparis.ch/immobilien/marktplatz/details/show/25022880
24910012,https://fr.comparis.ch/immobilien/marktplatz/details/show/24910012
23559935,https://fr.comparis.ch/immobilien/marktplatz/details/show/23559935
25291847,https://fr.comparis.ch/immobilien/marktplatz/details/show/25291847
24903489,https://fr.comparis.ch/immobilien/marktplatz/details/show/24903489
27634416,https://fr.comparis.ch/immobilien/marktplatz/details/show/27634416
27306001,https://fr.comparis.ch/immobilien/marktplatz/details/show/27306001
27305998,https://fr.comparis.ch/immobilien/marktplatz/details/show/27305998
27306007,https://fr.comparis.ch/immobilien/marktplatz/details/show/27306007
27306004,https://fr.comparis.ch/immobilien/marktplatz/details/show/27306004
27306398,https://fr.comparis.ch/immobilien/marktplatz/details/show/27306398
27306397,https://fr.comparis.ch/immobilien/marktplatz/details/show/27306397
27306008,https://fr.comparis.ch/immobilien/marktplatz/details/show/27306008
27306401,https://fr.comparis.ch/immobilien/marktplatz/details/show/27306401
27306002,https://fr.comparis.ch/immobilien/marktplatz/details/show/27306002
27306011,https://fr.comparis.ch/immobilien/marktplatz/details/show/27306011
27306417,https://fr.comparis.ch/immobilien/marktplatz/details/show/27306417
24828464,https://fr.comparis.ch/immobilien/marktplatz/details/show/24828464
25403906,https://fr.comparis.ch/immobilien/marktplatz/details/show/25403906
26818337,https://fr.comparis.ch/immobilien/marktplatz/details/show/26818337
24763850,https://fr.comparis.ch/immobilien/marktplatz/details/show/24763850
24660154,https://fr.comparis.ch/immobilien/marktplatz/details/show/24660154
27792937,https://fr.comparis.ch/immobilien/marktplatz/details/show/27792937
27854648,https://fr.comparis.ch/immobilien/marktplatz/details/show/27854648
24827810,https://fr.comparis.ch/immobilien/marktplatz/details/show/24827810
27634413,https://fr.comparis.ch/immobilien/marktplatz/details/show/27634413
27768440,https://fr.comparis.ch/immobilien/marktplatz/details/show/27768440
24215789,https://fr.comparis.ch/immobilien/marktplatz/details/show/24215789
24213655,https://fr.comparis.ch/immobilien/marktplatz/details/show/24213655
23995275,https://fr.comparis.ch/immobilien/marktplatz/details/show/23995275
25638253,https://fr.comparis.ch/immobilien/marktplatz/details/show/25638253
25638254,https://fr.comparis.ch/immobilien/marktplatz/details/show/25638254
23579336,https://fr.comparis.ch/immobilien/marktplatz/details/show/23579336
23579334,https://fr.comparis.ch/immobilien/marktplatz/details/show/23579334
23575683,https://fr.comparis.ch/immobilien/marktplatz/details/show/23575683
23099560,https://fr.comparis.ch/immobilien/marktplatz/details/show/23099560
23032736,https://fr.comparis.ch/immobilien/marktplatz/details/show/23032736
27634431,https://fr.comparis.ch/immobilien/marktplatz/details/show/27634431
27845155,https://fr.comparis.ch/immobilien/marktplatz/details/show/27845155
22942320,https://fr.comparis.ch/immobilien/marktplatz/details/show/22942320
22799188,https://fr.comparis.ch/immobilien/marktplatz/details/show/22799188
22798623,https://fr.comparis.ch/immobilien/marktplatz/details/show/22798623
27815206,https://fr.comparis.ch/immobilien/marktplatz/details/show/27815206
22469634,https://fr.comparis.ch/immobilien/marktplatz/details/show/22469634
27804372,https://fr.comparis.ch/immobilien/marktplatz/details/show/27804372
21564666,https://fr.comparis.ch/immobilien/marktplatz/details/show/21564666
21030801,https://fr.comparis.ch/immobilien/marktplatz/details/show/21030801
18981837,https://fr.comparis.ch/immobilien/marktplatz/details/show/18981837
27852418,https://fr.comparis.ch/immobilien/marktplatz/details/show/27852418
